name,type,gender
James,first,male
William,first,male
Oliver,first,male
George,first,male
Noah,first,male
Charlie,first,male
Jack,first,male
Theodore,first,male
Freddie,first,male
Alfie,first,male
Arthur,first,male
Harry,first,male
Oscar,first,male
Archie,first,male
Henry,first,male
Thomas,first,male
Ethan,first,male
Joseph,first,male
Frederick,first,male
Samuel,first,male
Alexander,first,male
Benjamin,first,male
Edward,first,male
Sebastian,first,male
Elijah,first,male
Luca,first,male
Lewis,first,male
Isaac,first,male
Adam,first,male
Dylan,first,male
Max,first,male
Elliot,first,male
Toby,first,male
Leo,first,male
Hugo,first,male
Lucas,first,male
Finn,first,male
Jake,first,male
Michael,first,male
Owen,first,male
Reuben,first,male
Harvey,first,male
Daniel,first,male
Nathan,first,male
Caleb,first,male
Matthew,first,male
Liam,first,male
Jude,first,male
Ryan,first,male
Rowan,first,male
Olivia,first,female
Amelia,first,female
Isla,first,female
Ava,first,female
Mia,first,female
Isabella,first,female
Sophia,first,female
Grace,first,female
Freya,first,female
Lily,first,female
Emily,first,female
Poppy,first,female
Eleanor,first,female
Evie,first,female
Charlotte,first,female
Alice,first,female
Ella,first,female
Phoebe,first,female
Daisy,first,female
Sienna,first,female
Ruby,first,female
Florence,first,female
Ellie,first,female
Willow,first,female
Ivy,first,female
Rosie,first,female
Penelope,first,female
Arabella,first,female
Imogen,first,female
Sofia,first,female
Lucy,first,female
Harriet,first,female
Aurora,first,female
Violet,first,female
Clara,first,female
Esme,first,female
Scarlett,first,female
Matilda,first,female
Eliza,first,female
Zoe,first,female
Hannah,first,female
Abigail,first,female
Bethany,first,female
Chloe,first,female
Darcey,first,female
Eva,first,female
Faith,first,female
Georgia,first,female
Holly,first,female
Jasmine,first,female
Kate,first,female
Smith,last,any
Jones,last,any
Williams,last,any
Taylor,last,any
Brown,last,any
Davies,last,any
Evans,last,any
Wilson,last,any
Thomas,last,any
Roberts,last,any
Johnson,last,any
Lewis,last,any
Walker,last,any
Robinson,last,any
Wood,last,any
Thompson,last,any
White,last,any
Watson,last,any
Jackson,last,any
Wright,last,any
Green,last,any
Harris,last,any
Cooper,last,any
King,last,any
Lee,last,any
Martin,last,any
Clarke,last,any
James,last,any
Morgan,last,any
Hughes,last,any
Edwards,last,any
Hill,last,any
Moore,last,any
Clark,last,any
Harrison,last,any
Scott,last,any
Young,last,any
Morris,last,any
Hall,last,any
Ward,last,any
Turner,last,any
Carter,last,any
Phillips,last,any
Mitchell,last,any
Patel,last,any
Adams,last,any
Campbell,last,any
Anderson,last,any
Allen,last,any
Cook,last,any
Bailey,last,any
Parker,last,any
Miller,last,any
Davis,last,any
Murphy,last,any
Price,last,any
Bell,last,any
Baker,last,any
Griffiths,last,any
Richardson,last,any
Bennett,last,any
Henderson,last,any
Ross,last,any
Russell,last,any
Shaw,last,any
